<metadata xml:lang="en"><Esri><CreaDate>20160217</CreaDate><CreaTime>15111800</CreaTime><ArcGISFormat>1.0</ArcGISFormat><SyncOnce>FALSE</SyncOnce><DataProperties><itemProps><itemName Sync="TRUE">Parcels2014Hennepin</itemName><imsContentType Sync="TRUE">002</imsContentType><itemLocation><linkage Sync="TRUE">file:///home/gdrsadmin/temp/engine/update/plan_regonal_parcels_2014/shp/Parcels2014Hennepin.shp</linkage><protocol Sync="TRUE">Local Area Network</protocol></itemLocation><itemSize Sync="TRUE">0.000</itemSize></itemProps><coordRef><type Sync="TRUE">Projected</type><geogcsn Sync="TRUE">GCS_North_American_1983</geogcsn><csUnits Sync="TRUE">Linear Unit: Meter (1.000000)</csUnits><projcsn Sync="TRUE">NAD_1983_UTM_Zone_15N</projcsn><peXml Sync="TRUE">&lt;ProjectedCoordinateSystem xsi:type='typens:ProjectedCoordinateSystem' xmlns:xsi='http://www.w3.org/2001/XMLSchema-instance' xmlns:xs='http://www.w3.org/2001/XMLSchema' xmlns:typens='http://www.esri.com/schemas/ArcGIS/10.1'&gt;&lt;WKT&gt;PROJCS[&amp;quot;NAD_1983_UTM_Zone_15N&amp;quot;,GEOGCS[&amp;quot;GCS_North_American_1983&amp;quot;,DATUM[&amp;quot;D_North_American_1983&amp;quot;,SPHEROID[&amp;quot;GRS_1980&amp;quot;,6378137.0,298.257222101]],PRIMEM[&amp;quot;Greenwich&amp;quot;,0.0],UNIT[&amp;quot;Degree&amp;quot;,0.0174532925199433]],PROJECTION[&amp;quot;Transverse_Mercator&amp;quot;],PARAMETER[&amp;quot;False_Easting&amp;quot;,500000.0],PARAMETER[&amp;quot;False_Northing&amp;quot;,0.0],PARAMETER[&amp;quot;Central_Meridian&amp;quot;,-93.0],PARAMETER[&amp;quot;Scale_Factor&amp;quot;,0.9996],PARAMETER[&amp;quot;Latitude_Of_Origin&amp;quot;,0.0],UNIT[&amp;quot;Meter&amp;quot;,1.0],AUTHORITY[&amp;quot;EPSG&amp;quot;,26915]]&lt;/WKT&gt;&lt;XOrigin&gt;-5120900&lt;/XOrigin&gt;&lt;YOrigin&gt;-9998100&lt;/YOrigin&gt;&lt;XYScale&gt;450445547.3910538&lt;/XYScale&gt;&lt;ZOrigin&gt;-100000&lt;/ZOrigin&gt;&lt;ZScale&gt;10000&lt;/ZScale&gt;&lt;MOrigin&gt;-100000&lt;/MOrigin&gt;&lt;MScale&gt;10000&lt;/MScale&gt;&lt;XYTolerance&gt;0.001&lt;/XYTolerance&gt;&lt;ZTolerance&gt;0.001&lt;/ZTolerance&gt;&lt;MTolerance&gt;0.001&lt;/MTolerance&gt;&lt;HighPrecision&gt;true&lt;/HighPrecision&gt;&lt;WKID&gt;26915&lt;/WKID&gt;&lt;LatestWKID&gt;26915&lt;/LatestWKID&gt;&lt;/ProjectedCoordinateSystem&gt;</peXml></coordRef><lineage><Process ToolSource="c:\program files (x86)\arcgis\desktop10.2\ArcToolbox\Toolboxes\Data Management Tools.tbx\Copy" Date="20160217" Time="151118">Copy C:\Users\mayertj\AppData\Roaming\ESRI\Desktop10.2\ArcCatalog\SDE@GISLibrary.sde\Parcels2014Hennepin L:\GDRS\STAGE\plan_regonal_parcels_2014\fgdb\plan_regonal_parcels_2014.gdb\Parcels2014Hennepin FeatureClass</Process><Process ToolSource="/home/gdrsadmin/arcgis/engine10.2/ArcToolbox/Toolboxes/Conversion Tools.tbx/FeatureClassToFeatureClass" Date="20160223" Time="003925">FeatureClassToFeatureClass /home/gdrsadmin/temp/engine/update/plan_regonal_parcels_2014/fgdb/plan_regonal_parcels_2014.gdb/Parcels2014Hennepin /home/gdrsadmin/temp/engine/update/plan_regonal_parcels_2014/shp Parcels2014Hennepin.shp # "Shape_Leng "Shape_Leng" true true false 8 Double 0 0 ,First,#,/home/gdrsadmin/temp/engine/update/plan_regonal_parcels_2014/fgdb/plan_regonal_parcels_2014.gdb/Parcels2014Hennepin,Shape_Leng,-1,-1;COUNTY_ID "COUNTY_ID" true true false 3 Text 0 0 ,First,#,/home/gdrsadmin/temp/engine/update/plan_regonal_parcels_2014/fgdb/plan_regonal_parcels_2014.gdb/Parcels2014Hennepin,COUNTY_ID,-1,-1;PIN "PIN" true true false 17 Text 0 0 ,First,#,/home/gdrsadmin/temp/engine/update/plan_regonal_parcels_2014/fgdb/plan_regonal_parcels_2014.gdb/Parcels2014Hennepin,PIN,-1,-1;BLDG_NUM "BLDG_NUM" true true false 10 Text 0 0 ,First,#,/home/gdrsadmin/temp/engine/update/plan_regonal_parcels_2014/fgdb/plan_regonal_parcels_2014.gdb/Parcels2014Hennepin,BLDG_NUM,-1,-1;PREFIX_DIR "PREFIX_DIR" true true false 2 Text 0 0 ,First,#,/home/gdrsadmin/temp/engine/update/plan_regonal_parcels_2014/fgdb/plan_regonal_parcels_2014.gdb/Parcels2014Hennepin,PREFIX_DIR,-1,-1;PREFIXTYPE "PREFIXTYPE" true true false 6 Text 0 0 ,First,#,/home/gdrsadmin/temp/engine/update/plan_regonal_parcels_2014/fgdb/plan_regonal_parcels_2014.gdb/Parcels2014Hennepin,PREFIXTYPE,-1,-1;STREETNAME "STREETNAME" true true false 40 Text 0 0 ,First,#,/home/gdrsadmin/temp/engine/update/plan_regonal_parcels_2014/fgdb/plan_regonal_parcels_2014.gdb/Parcels2014Hennepin,STREETNAME,-1,-1;STREETTYPE "STREETTYPE" true true false 4 Text 0 0 ,First,#,/home/gdrsadmin/temp/engine/update/plan_regonal_parcels_2014/fgdb/plan_regonal_parcels_2014.gdb/Parcels2014Hennepin,STREETTYPE,-1,-1;SUFFIX_DIR "SUFFIX_DIR" true true false 2 Text 0 0 ,First,#,/home/gdrsadmin/temp/engine/update/plan_regonal_parcels_2014/fgdb/plan_regonal_parcels_2014.gdb/Parcels2014Hennepin,SUFFIX_DIR,-1,-1;UNIT_INFO "UNIT_INFO" true true false 12 Text 0 0 ,First,#,/home/gdrsadmin/temp/engine/update/plan_regonal_parcels_2014/fgdb/plan_regonal_parcels_2014.gdb/Parcels2014Hennepin,UNIT_INFO,-1,-1;CITY "CITY" true true false 30 Text 0 0 ,First,#,/home/gdrsadmin/temp/engine/update/plan_regonal_parcels_2014/fgdb/plan_regonal_parcels_2014.gdb/Parcels2014Hennepin,CITY,-1,-1;CITY_USPS "CITY_USPS" true true false 30 Text 0 0 ,First,#,/home/gdrsadmin/temp/engine/update/plan_regonal_parcels_2014/fgdb/plan_regonal_parcels_2014.gdb/Parcels2014Hennepin,CITY_USPS,-1,-1;ZIP "ZIP" true true false 5 Text 0 0 ,First,#,/home/gdrsadmin/temp/engine/update/plan_regonal_parcels_2014/fgdb/plan_regonal_parcels_2014.gdb/Parcels2014Hennepin,ZIP,-1,-1;ZIP4 "ZIP4" true true false 4 Text 0 0 ,First,#,/home/gdrsadmin/temp/engine/update/plan_regonal_parcels_2014/fgdb/plan_regonal_parcels_2014.gdb/Parcels2014Hennepin,ZIP4,-1,-1;PLAT_NAME "PLAT_NAME" true true false 50 Text 0 0 ,First,#,/home/gdrsadmin/temp/engine/update/plan_regonal_parcels_2014/fgdb/plan_regonal_parcels_2014.gdb/Parcels2014Hennepin,PLAT_NAME,-1,-1;BLOCK "BLOCK" true true false 5 Text 0 0 ,First,#,/home/gdrsadmin/temp/engine/update/plan_regonal_parcels_2014/fgdb/plan_regonal_parcels_2014.gdb/Parcels2014Hennepin,BLOCK,-1,-1;LOT "LOT" true true false 5 Text 0 0 ,First,#,/home/gdrsadmin/temp/engine/update/plan_regonal_parcels_2014/fgdb/plan_regonal_parcels_2014.gdb/Parcels2014Hennepin,LOT,-1,-1;ACRES_POLY "ACRES_POLY" true true false 8 Double 0 0 ,First,#,/home/gdrsadmin/temp/engine/update/plan_regonal_parcels_2014/fgdb/plan_regonal_parcels_2014.gdb/Parcels2014Hennepin,ACRES_POLY,-1,-1;ACRES_DEED "ACRES_DEED" true true false 8 Double 0 0 ,First,#,/home/gdrsadmin/temp/engine/update/plan_regonal_parcels_2014/fgdb/plan_regonal_parcels_2014.gdb/Parcels2014Hennepin,ACRES_DEED,-1,-1;USE1_DESC "USE1_DESC" true true false 100 Text 0 0 ,First,#,/home/gdrsadmin/temp/engine/update/plan_regonal_parcels_2014/fgdb/plan_regonal_parcels_2014.gdb/Parcels2014Hennepin,USE1_DESC,-1,-1;USE2_DESC "USE2_DESC" true true false 100 Text 0 0 ,First,#,/home/gdrsadmin/temp/engine/update/plan_regonal_parcels_2014/fgdb/plan_regonal_parcels_2014.gdb/Parcels2014Hennepin,USE2_DESC,-1,-1;USE3_DESC "USE3_DESC" true true false 100 Text 0 0 ,First,#,/home/gdrsadmin/temp/engine/update/plan_regonal_parcels_2014/fgdb/plan_regonal_parcels_2014.gdb/Parcels2014Hennepin,USE3_DESC,-1,-1;USE4_DESC "USE4_DESC" true true false 100 Text 0 0 ,First,#,/home/gdrsadmin/temp/engine/update/plan_regonal_parcels_2014/fgdb/plan_regonal_parcels_2014.gdb/Parcels2014Hennepin,USE4_DESC,-1,-1;MULTI_USES "MULTI_USES" true true false 1 Text 0 0 ,First,#,/home/gdrsadmin/temp/engine/update/plan_regonal_parcels_2014/fgdb/plan_regonal_parcels_2014.gdb/Parcels2014Hennepin,MULTI_USES,-1,-1;LANDMARK "LANDMARK" true true false 100 Text 0 0 ,First,#,/home/gdrsadmin/temp/engine/update/plan_regonal_parcels_2014/fgdb/plan_regonal_parcels_2014.gdb/Parcels2014Hennepin,LANDMARK,-1,-1;OWNER_NAME "OWNER_NAME" true true false 50 Text 0 0 ,First,#,/home/gdrsadmin/temp/engine/update/plan_regonal_parcels_2014/fgdb/plan_regonal_parcels_2014.gdb/Parcels2014Hennepin,OWNER_NAME,-1,-1;OWNER_MORE "OWNER_MORE" true true false 50 Text 0 0 ,First,#,/home/gdrsadmin/temp/engine/update/plan_regonal_parcels_2014/fgdb/plan_regonal_parcels_2014.gdb/Parcels2014Hennepin,OWNER_MORE,-1,-1;OWN_ADD_L1 "OWN_ADD_L1" true true false 40 Text 0 0 ,First,#,/home/gdrsadmin/temp/engine/update/plan_regonal_parcels_2014/fgdb/plan_regonal_parcels_2014.gdb/Parcels2014Hennepin,OWN_ADD_L1,-1,-1;OWN_ADD_L2 "OWN_ADD_L2" true true false 40 Text 0 0 ,First,#,/home/gdrsadmin/temp/engine/update/plan_regonal_parcels_2014/fgdb/plan_regonal_parcels_2014.gdb/Parcels2014Hennepin,OWN_ADD_L2,-1,-1;OWN_ADD_L3 "OWN_ADD_L3" true true false 40 Text 0 0 ,First,#,/home/gdrsadmin/temp/engine/update/plan_regonal_parcels_2014/fgdb/plan_regonal_parcels_2014.gdb/Parcels2014Hennepin,OWN_ADD_L3,-1,-1;TAX_NAME "TAX_NAME" true true false 40 Text 0 0 ,First,#,/home/gdrsadmin/temp/engine/update/plan_regonal_parcels_2014/fgdb/plan_regonal_parcels_2014.gdb/Parcels2014Hennepin,TAX_NAME,-1,-1;TAX_ADD_L1 "TAX_ADD_L1" true true false 40 Text 0 0 ,First,#,/home/gdrsadmin/temp/engine/update/plan_regonal_parcels_2014/fgdb/plan_regonal_parcels_2014.gdb/Parcels2014Hennepin,TAX_ADD_L1,-1,-1;TAX_ADD_L2 "TAX_ADD_L2" true true false 40 Text 0 0 ,First,#,/home/gdrsadmin/temp/engine/update/plan_regonal_parcels_2014/fgdb/plan_regonal_parcels_2014.gdb/Parcels2014Hennepin,TAX_ADD_L2,-1,-1;TAX_ADD_L3 "TAX_ADD_L3" true true false 40 Text 0 0 ,First,#,/home/gdrsadmin/temp/engine/update/plan_regonal_parcels_2014/fgdb/plan_regonal_parcels_2014.gdb/Parcels2014Hennepin,TAX_ADD_L3,-1,-1;HOMESTEAD "HOMESTEAD" true true false 1 Text 0 0 ,First,#,/home/gdrsadmin/temp/engine/update/plan_regonal_parcels_2014/fgdb/plan_regonal_parcels_2014.gdb/Parcels2014Hennepin,HOMESTEAD,-1,-1;EMV_LAND "EMV_LAND" true true false 8 Double 0 0 ,First,#,/home/gdrsadmin/temp/engine/update/plan_regonal_parcels_2014/fgdb/plan_regonal_parcels_2014.gdb/Parcels2014Hennepin,EMV_LAND,-1,-1;EMV_BLDG "EMV_BLDG" true true false 8 Double 0 0 ,First,#,/home/gdrsadmin/temp/engine/update/plan_regonal_parcels_2014/fgdb/plan_regonal_parcels_2014.gdb/Parcels2014Hennepin,EMV_BLDG,-1,-1;EMV_TOTAL "EMV_TOTAL" true true false 8 Double 0 0 ,First,#,/home/gdrsadmin/temp/engine/update/plan_regonal_parcels_2014/fgdb/plan_regonal_parcels_2014.gdb/Parcels2014Hennepin,EMV_TOTAL,-1,-1;TAX_CAPAC "TAX_CAPAC" true true false 8 Double 0 0 ,First,#,/home/gdrsadmin/temp/engine/update/plan_regonal_parcels_2014/fgdb/plan_regonal_parcels_2014.gdb/Parcels2014Hennepin,TAX_CAPAC,-1,-1;TOTAL_TAX "TOTAL_TAX" true true false 8 Double 0 0 ,First,#,/home/gdrsadmin/temp/engine/update/plan_regonal_parcels_2014/fgdb/plan_regonal_parcels_2014.gdb/Parcels2014Hennepin,TOTAL_TAX,-1,-1;SPEC_ASSES "SPEC_ASSES" true true false 8 Double 0 0 ,First,#,/home/gdrsadmin/temp/engine/update/plan_regonal_parcels_2014/fgdb/plan_regonal_parcels_2014.gdb/Parcels2014Hennepin,SPEC_ASSES,-1,-1;TAX_EXEMPT "TAX_EXEMPT" true true false 1 Text 0 0 ,First,#,/home/gdrsadmin/temp/engine/update/plan_regonal_parcels_2014/fgdb/plan_regonal_parcels_2014.gdb/Parcels2014Hennepin,TAX_EXEMPT,-1,-1;XUSE1_DESC "XUSE1_DESC" true true false 100 Text 0 0 ,First,#,/home/gdrsadmin/temp/engine/update/plan_regonal_parcels_2014/fgdb/plan_regonal_parcels_2014.gdb/Parcels2014Hennepin,XUSE1_DESC,-1,-1;XUSE2_DESC "XUSE2_DESC" true true false 100 Text 0 0 ,First,#,/home/gdrsadmin/temp/engine/update/plan_regonal_parcels_2014/fgdb/plan_regonal_parcels_2014.gdb/Parcels2014Hennepin,XUSE2_DESC,-1,-1;XUSE3_DESC "XUSE3_DESC" true true false 100 Text 0 0 ,First,#,/home/gdrsadmin/temp/engine/update/plan_regonal_parcels_2014/fgdb/plan_regonal_parcels_2014.gdb/Parcels2014Hennepin,XUSE3_DESC,-1,-1;XUSE4_DESC "XUSE4_DESC" true true false 100 Text 0 0 ,First,#,/home/gdrsadmin/temp/engine/update/plan_regonal_parcels_2014/fgdb/plan_regonal_parcels_2014.gdb/Parcels2014Hennepin,XUSE4_DESC,-1,-1;DWELL_TYPE "DWELL_TYPE" true true false 30 Text 0 0 ,First,#,/home/gdrsadmin/temp/engine/update/plan_regonal_parcels_2014/fgdb/plan_regonal_parcels_2014.gdb/Parcels2014Hennepin,DWELL_TYPE,-1,-1;HOME_STYLE "HOME_STYLE" true true false 30 Text 0 0 ,First,#,/home/gdrsadmin/temp/engine/update/plan_regonal_parcels_2014/fgdb/plan_regonal_parcels_2014.gdb/Parcels2014Hennepin,HOME_STYLE,-1,-1;FIN_SQ_FT "FIN_SQ_FT" true true false 8 Double 0 0 ,First,#,/home/gdrsadmin/temp/engine/update/plan_regonal_parcels_2014/fgdb/plan_regonal_parcels_2014.gdb/Parcels2014Hennepin,FIN_SQ_FT,-1,-1;GARAGE "GARAGE" true true false 1 Text 0 0 ,First,#,/home/gdrsadmin/temp/engine/update/plan_regonal_parcels_2014/fgdb/plan_regonal_parcels_2014.gdb/Parcels2014Hennepin,GARAGE,-1,-1;GARAGESQFT "GARAGESQFT" true true false 11 Text 0 0 ,First,#,/home/gdrsadmin/temp/engine/update/plan_regonal_parcels_2014/fgdb/plan_regonal_parcels_2014.gdb/Parcels2014Hennepin,GARAGESQFT,-1,-1;BASEMENT "BASEMENT" true true false 1 Text 0 0 ,First,#,/home/gdrsadmin/temp/engine/update/plan_regonal_parcels_2014/fgdb/plan_regonal_parcels_2014.gdb/Parcels2014Hennepin,BASEMENT,-1,-1;HEATING "HEATING" true true false 30 Text 0 0 ,First,#,/home/gdrsadmin/temp/engine/update/plan_regonal_parcels_2014/fgdb/plan_regonal_parcels_2014.gdb/Parcels2014Hennepin,HEATING,-1,-1;COOLING "COOLING" true true false 30 Text 0 0 ,First,#,/home/gdrsadmin/temp/engine/update/plan_regonal_parcels_2014/fgdb/plan_regonal_parcels_2014.gdb/Parcels2014Hennepin,COOLING,-1,-1;YEAR_BUILT "YEAR_BUILT" true true false 2 Short 0 0 ,First,#,/home/gdrsadmin/temp/engine/update/plan_regonal_parcels_2014/fgdb/plan_regonal_parcels_2014.gdb/Parcels2014Hennepin,YEAR_BUILT,-1,-1;NUM_UNITS "NUM_UNITS" true true false 6 Text 0 0 ,First,#,/home/gdrsadmin/temp/engine/update/plan_regonal_parcels_2014/fgdb/plan_regonal_parcels_2014.gdb/Parcels2014Hennepin,NUM_UNITS,-1,-1;SALE_DATE "SALE_DATE" true true false 8 Date 0 0 ,First,#,/home/gdrsadmin/temp/engine/update/plan_regonal_parcels_2014/fgdb/plan_regonal_parcels_2014.gdb/Parcels2014Hennepin,SALE_DATE,-1,-1;SALE_VALUE "SALE_VALUE" true true false 8 Double 0 0 ,First,#,/home/gdrsadmin/temp/engine/update/plan_regonal_parcels_2014/fgdb/plan_regonal_parcels_2014.gdb/Parcels2014Hennepin,SALE_VALUE,-1,-1;SCHOOL_DST "SCHOOL_DST" true true false 6 Text 0 0 ,First,#,/home/gdrsadmin/temp/engine/update/plan_regonal_parcels_2014/fgdb/plan_regonal_parcels_2014.gdb/Parcels2014Hennepin,SCHOOL_DST,-1,-1;WSHD_DIST "WSHD_DIST" true true false 50 Text 0 0 ,First,#,/home/gdrsadmin/temp/engine/update/plan_regonal_parcels_2014/fgdb/plan_regonal_parcels_2014.gdb/Parcels2014Hennepin,WSHD_DIST,-1,-1;GREEN_ACRE "GREEN_ACRE" true true false 1 Text 0 0 ,First,#,/home/gdrsadmin/temp/engine/update/plan_regonal_parcels_2014/fgdb/plan_regonal_parcels_2014.gdb/Parcels2014Hennepin,GREEN_ACRE,-1,-1;OPEN_SPACE "OPEN_SPACE" true true false 1 Text 0 0 ,First,#,/home/gdrsadmin/temp/engine/update/plan_regonal_parcels_2014/fgdb/plan_regonal_parcels_2014.gdb/Parcels2014Hennepin,OPEN_SPACE,-1,-1;AG_PRESERV "AG_PRESERV" true true false 1 Text 0 0 ,First,#,/home/gdrsadmin/temp/engine/update/plan_regonal_parcels_2014/fgdb/plan_regonal_parcels_2014.gdb/Parcels2014Hennepin,AG_PRESERV,-1,-1;AGPRE_ENRD "AGPRE_ENRD" true true false 8 Date 0 0 ,First,#,/home/gdrsadmin/temp/engine/update/plan_regonal_parcels_2014/fgdb/plan_regonal_parcels_2014.gdb/Parcels2014Hennepin,AGPRE_ENRD,-1,-1;AGPRE_EXPD "AGPRE_EXPD" true true false 8 Date 0 0 ,First,#,/home/gdrsadmin/temp/engine/update/plan_regonal_parcels_2014/fgdb/plan_regonal_parcels_2014.gdb/Parcels2014Hennepin,AGPRE_EXPD,-1,-1;PARC_CODE "PARC_CODE" true true false 2 Short 0 0 ,First,#,/home/gdrsadmin/temp/engine/update/plan_regonal_parcels_2014/fgdb/plan_regonal_parcels_2014.gdb/Parcels2014Hennepin,PARC_CODE,-1,-1;TORRENS "TORRENS" true true false 7 Text 0 0 ,First,#,/home/gdrsadmin/temp/engine/update/plan_regonal_parcels_2014/fgdb/plan_regonal_parcels_2014.gdb/Parcels2014Hennepin,TORRENS,-1,-1;Shape_Le_1 "Shape_Le_1" false true true 8 Double 0 0 ,First,#,/home/gdrsadmin/temp/engine/update/plan_regonal_parcels_2014/fgdb/plan_regonal_parcels_2014.gdb/Parcels2014Hennepin,Shape_Length,-1,-1;Shape_Area "Shape_Area" false true true 8 Double 0 0 ,First,#,/home/gdrsadmin/temp/engine/update/plan_regonal_parcels_2014/fgdb/plan_regonal_parcels_2014.gdb/Parcels2014Hennepin,Shape_Area,-1,-1" #</Process></lineage></DataProperties><SyncDate>20160223</SyncDate><SyncTime>00371100</SyncTime><ModDate>20160223</ModDate><ModTime>00371100</ModTime></Esri><dataIdInfo><envirDesc Sync="TRUE"> Version 4.0 (Build 1381) Visual MainWin version 5.4; Esri ArcGIS 10.2.2.3552</envirDesc><dataLang><languageCode value="en" Sync="TRUE"/><countryCode value="US" Sync="TRUE"/></dataLang><idCitation><resTitle Sync="TRUE">Parcels2014Hennepin</resTitle><presForm><PresFormCd value="005" Sync="TRUE"/></presForm></idCitation><spatRpType><SpatRepTypCd value="001" Sync="TRUE"/></spatRpType></dataIdInfo><mdLang><languageCode value="en" Sync="TRUE"/><countryCode value="US" Sync="TRUE"/></mdLang><distInfo><distFormat><formatName Sync="TRUE">Shapefile</formatName></distFormat><distTranOps><transSize Sync="TRUE">0.000</transSize></distTranOps></distInfo><mdHrLv><ScopeCd value="005" Sync="TRUE"/></mdHrLv><mdHrLvName Sync="TRUE">dataset</mdHrLvName><refSysInfo><RefSystem><refSysID><identCode code="26915" Sync="TRUE"/><idCodeSpace Sync="TRUE">EPSG</idCodeSpace><idVersion Sync="TRUE">8.2.6</idVersion></refSysID></RefSystem></refSysInfo><spatRepInfo><VectSpatRep><geometObjs Name="Parcels2014Hennepin"><geoObjTyp><GeoObjTypCd value="002" Sync="TRUE"></GeoObjTypCd></geoObjTyp><geoObjCnt Sync="TRUE">0</geoObjCnt></geometObjs><topLvl><TopoLevCd value="001" Sync="TRUE"></TopoLevCd></topLvl></VectSpatRep></spatRepInfo><spdoinfo><ptvctinf><esriterm Name="Parcels2014Hennepin"><efeatyp Sync="TRUE">Simple</efeatyp><efeageom code="4" Sync="TRUE"></efeageom><esritopo Sync="TRUE">FALSE</esritopo><efeacnt Sync="TRUE">0</efeacnt><spindex Sync="TRUE">FALSE</spindex><linrefer Sync="TRUE">FALSE</linrefer></esriterm></ptvctinf></spdoinfo><eainfo><detailed Name="Parcels2014Hennepin"><enttyp><enttypl Sync="TRUE">Parcels2014Hennepin</enttypl><enttypt Sync="TRUE">Feature Class</enttypt><enttypc Sync="TRUE">0</enttypc></enttyp><attr><attrlabl Sync="TRUE">FID</attrlabl><attalias Sync="TRUE">FID</attalias><attrtype Sync="TRUE">OID</attrtype><attwidth Sync="TRUE">4</attwidth><atprecis Sync="TRUE">0</atprecis><attscale Sync="TRUE">0</attscale><attrdef Sync="TRUE">Internal feature number.</attrdef><attrdefs Sync="TRUE">Esri</attrdefs><attrdomv><udom Sync="TRUE">Sequential unique whole numbers that are automatically generated.</udom></attrdomv></attr><attr><attrlabl Sync="TRUE">Shape_Leng</attrlabl><attalias Sync="TRUE">Shape_Leng</attalias><attrtype Sync="TRUE">Double</attrtype><attwidth Sync="TRUE">19</attwidth><atprecis Sync="TRUE">0</atprecis><attscale Sync="TRUE">0</attscale></attr><attr><attrlabl Sync="TRUE">COUNTY_ID</attrlabl><attalias Sync="TRUE">COUNTY_ID</attalias><attrtype Sync="TRUE">String</attrtype><attwidth Sync="TRUE">3</attwidth><atprecis Sync="TRUE">0</atprecis><attscale Sync="TRUE">0</attscale></attr><attr><attrlabl Sync="TRUE">PIN</attrlabl><attalias Sync="TRUE">PIN</attalias><attrtype Sync="TRUE">String</attrtype><attwidth Sync="TRUE">17</attwidth><atprecis Sync="TRUE">0</atprecis><attscale Sync="TRUE">0</attscale></attr><attr><attrlabl Sync="TRUE">BLDG_NUM</attrlabl><attalias Sync="TRUE">BLDG_NUM</attalias><attrtype Sync="TRUE">String</attrtype><attwidth Sync="TRUE">10</attwidth><atprecis Sync="TRUE">0</atprecis><attscale Sync="TRUE">0</attscale></attr><attr><attrlabl Sync="TRUE">PREFIX_DIR</attrlabl><attalias Sync="TRUE">PREFIX_DIR</attalias><attrtype Sync="TRUE">String</attrtype><attwidth Sync="TRUE">2</attwidth><atprecis Sync="TRUE">0</atprecis><attscale Sync="TRUE">0</attscale></attr><attr><attrlabl Sync="TRUE">PREFIXTYPE</attrlabl><attalias Sync="TRUE">PREFIXTYPE</attalias><attrtype Sync="TRUE">String</attrtype><attwidth Sync="TRUE">6</attwidth><atprecis Sync="TRUE">0</atprecis><attscale Sync="TRUE">0</attscale></attr><attr><attrlabl Sync="TRUE">STREETNAME</attrlabl><attalias Sync="TRUE">STREETNAME</attalias><attrtype Sync="TRUE">String</attrtype><attwidth Sync="TRUE">40</attwidth><atprecis Sync="TRUE">0</atprecis><attscale Sync="TRUE">0</attscale></attr><attr><attrlabl Sync="TRUE">STREETTYPE</attrlabl><attalias Sync="TRUE">STREETTYPE</attalias><attrtype Sync="TRUE">String</attrtype><attwidth Sync="TRUE">4</attwidth><atprecis Sync="TRUE">0</atprecis><attscale Sync="TRUE">0</attscale></attr><attr><attrlabl Sync="TRUE">SUFFIX_DIR</attrlabl><attalias Sync="TRUE">SUFFIX_DIR</attalias><attrtype Sync="TRUE">String</attrtype><attwidth Sync="TRUE">2</attwidth><atprecis Sync="TRUE">0</atprecis><attscale Sync="TRUE">0</attscale></attr><attr><attrlabl Sync="TRUE">UNIT_INFO</attrlabl><attalias Sync="TRUE">UNIT_INFO</attalias><attrtype Sync="TRUE">String</attrtype><attwidth Sync="TRUE">12</attwidth><atprecis Sync="TRUE">0</atprecis><attscale Sync="TRUE">0</attscale></attr><attr><attrlabl Sync="TRUE">CITY</attrlabl><attalias Sync="TRUE">CITY</attalias><attrtype Sync="TRUE">String</attrtype><attwidth Sync="TRUE">30</attwidth><atprecis Sync="TRUE">0</atprecis><attscale Sync="TRUE">0</attscale></attr><attr><attrlabl Sync="TRUE">CITY_USPS</attrlabl><attalias Sync="TRUE">CITY_USPS</attalias><attrtype Sync="TRUE">String</attrtype><attwidth Sync="TRUE">30</attwidth><atprecis Sync="TRUE">0</atprecis><attscale Sync="TRUE">0</attscale></attr><attr><attrlabl Sync="TRUE">ZIP</attrlabl><attalias Sync="TRUE">ZIP</attalias><attrtype Sync="TRUE">String</attrtype><attwidth Sync="TRUE">5</attwidth><atprecis Sync="TRUE">0</atprecis><attscale Sync="TRUE">0</attscale></attr><attr><attrlabl Sync="TRUE">ZIP4</attrlabl><attalias Sync="TRUE">ZIP4</attalias><attrtype Sync="TRUE">String</attrtype><attwidth Sync="TRUE">4</attwidth><atprecis Sync="TRUE">0</atprecis><attscale Sync="TRUE">0</attscale></attr><attr><attrlabl Sync="TRUE">PLAT_NAME</attrlabl><attalias Sync="TRUE">PLAT_NAME</attalias><attrtype Sync="TRUE">String</attrtype><attwidth Sync="TRUE">50</attwidth><atprecis Sync="TRUE">0</atprecis><attscale Sync="TRUE">0</attscale></attr><attr><attrlabl Sync="TRUE">BLOCK</attrlabl><attalias Sync="TRUE">BLOCK</attalias><attrtype Sync="TRUE">String</attrtype><attwidth Sync="TRUE">5</attwidth><atprecis Sync="TRUE">0</atprecis><attscale Sync="TRUE">0</attscale></attr><attr><attrlabl Sync="TRUE">LOT</attrlabl><attalias Sync="TRUE">LOT</attalias><attrtype Sync="TRUE">String</attrtype><attwidth Sync="TRUE">5</attwidth><atprecis Sync="TRUE">0</atprecis><attscale Sync="TRUE">0</attscale></attr><attr><attrlabl Sync="TRUE">ACRES_POLY</attrlabl><attalias Sync="TRUE">ACRES_POLY</attalias><attrtype Sync="TRUE">Double</attrtype><attwidth Sync="TRUE">19</attwidth><atprecis Sync="TRUE">0</atprecis><attscale Sync="TRUE">0</attscale></attr><attr><attrlabl Sync="TRUE">ACRES_DEED</attrlabl><attalias Sync="TRUE">ACRES_DEED</attalias><attrtype Sync="TRUE">Double</attrtype><attwidth Sync="TRUE">19</attwidth><atprecis Sync="TRUE">0</atprecis><attscale Sync="TRUE">0</attscale></attr><attr><attrlabl Sync="TRUE">USE1_DESC</attrlabl><attalias Sync="TRUE">USE1_DESC</attalias><attrtype Sync="TRUE">String</attrtype><attwidth Sync="TRUE">100</attwidth><atprecis Sync="TRUE">0</atprecis><attscale Sync="TRUE">0</attscale></attr><attr><attrlabl Sync="TRUE">USE2_DESC</attrlabl><attalias Sync="TRUE">USE2_DESC</attalias><attrtype Sync="TRUE">String</attrtype><attwidth Sync="TRUE">100</attwidth><atprecis Sync="TRUE">0</atprecis><attscale Sync="TRUE">0</attscale></attr><attr><attrlabl Sync="TRUE">USE3_DESC</attrlabl><attalias Sync="TRUE">USE3_DESC</attalias><attrtype Sync="TRUE">String</attrtype><attwidth Sync="TRUE">100</attwidth><atprecis Sync="TRUE">0</atprecis><attscale Sync="TRUE">0</attscale></attr><attr><attrlabl Sync="TRUE">USE4_DESC</attrlabl><attalias Sync="TRUE">USE4_DESC</attalias><attrtype Sync="TRUE">String</attrtype><attwidth Sync="TRUE">100</attwidth><atprecis Sync="TRUE">0</atprecis><attscale Sync="TRUE">0</attscale></attr><attr><attrlabl Sync="TRUE">MULTI_USES</attrlabl><attalias Sync="TRUE">MULTI_USES</attalias><attrtype Sync="TRUE">String</attrtype><attwidth Sync="TRUE">1</attwidth><atprecis Sync="TRUE">0</atprecis><attscale Sync="TRUE">0</attscale></attr><attr><attrlabl Sync="TRUE">LANDMARK</attrlabl><attalias Sync="TRUE">LANDMARK</attalias><attrtype Sync="TRUE">String</attrtype><attwidth Sync="TRUE">100</attwidth><atprecis Sync="TRUE">0</atprecis><attscale Sync="TRUE">0</attscale></attr><attr><attrlabl Sync="TRUE">OWNER_NAME</attrlabl><attalias Sync="TRUE">OWNER_NAME</attalias><attrtype Sync="TRUE">String</attrtype><attwidth Sync="TRUE">50</attwidth><atprecis Sync="TRUE">0</atprecis><attscale Sync="TRUE">0</attscale></attr><attr><attrlabl Sync="TRUE">OWNER_MORE</attrlabl><attalias Sync="TRUE">OWNER_MORE</attalias><attrtype Sync="TRUE">String</attrtype><attwidth Sync="TRUE">50</attwidth><atprecis Sync="TRUE">0</atprecis><attscale Sync="TRUE">0</attscale></attr><attr><attrlabl Sync="TRUE">OWN_ADD_L1</attrlabl><attalias Sync="TRUE">OWN_ADD_L1</attalias><attrtype Sync="TRUE">String</attrtype><attwidth Sync="TRUE">40</attwidth><atprecis Sync="TRUE">0</atprecis><attscale Sync="TRUE">0</attscale></attr><attr><attrlabl Sync="TRUE">OWN_ADD_L2</attrlabl><attalias Sync="TRUE">OWN_ADD_L2</attalias><attrtype Sync="TRUE">String</attrtype><attwidth Sync="TRUE">40</attwidth><atprecis Sync="TRUE">0</atprecis><attscale Sync="TRUE">0</attscale></attr><attr><attrlabl Sync="TRUE">OWN_ADD_L3</attrlabl><attalias Sync="TRUE">OWN_ADD_L3</attalias><attrtype Sync="TRUE">String</attrtype><attwidth Sync="TRUE">40</attwidth><atprecis Sync="TRUE">0</atprecis><attscale Sync="TRUE">0</attscale></attr><attr><attrlabl Sync="TRUE">TAX_NAME</attrlabl><attalias Sync="TRUE">TAX_NAME</attalias><attrtype Sync="TRUE">String</attrtype><attwidth Sync="TRUE">40</attwidth><atprecis Sync="TRUE">0</atprecis><attscale Sync="TRUE">0</attscale></attr><attr><attrlabl Sync="TRUE">TAX_ADD_L1</attrlabl><attalias Sync="TRUE">TAX_ADD_L1</attalias><attrtype Sync="TRUE">String</attrtype><attwidth Sync="TRUE">40</attwidth><atprecis Sync="TRUE">0</atprecis><attscale Sync="TRUE">0</attscale></attr><attr><attrlabl Sync="TRUE">TAX_ADD_L2</attrlabl><attalias Sync="TRUE">TAX_ADD_L2</attalias><attrtype Sync="TRUE">String</attrtype><attwidth Sync="TRUE">40</attwidth><atprecis Sync="TRUE">0</atprecis><attscale Sync="TRUE">0</attscale></attr><attr><attrlabl Sync="TRUE">TAX_ADD_L3</attrlabl><attalias Sync="TRUE">TAX_ADD_L3</attalias><attrtype Sync="TRUE">String</attrtype><attwidth Sync="TRUE">40</attwidth><atprecis Sync="TRUE">0</atprecis><attscale Sync="TRUE">0</attscale></attr><attr><attrlabl Sync="TRUE">HOMESTEAD</attrlabl><attalias Sync="TRUE">HOMESTEAD</attalias><attrtype Sync="TRUE">String</attrtype><attwidth Sync="TRUE">1</attwidth><atprecis Sync="TRUE">0</atprecis><attscale Sync="TRUE">0</attscale></attr><attr><attrlabl Sync="TRUE">EMV_LAND</attrlabl><attalias Sync="TRUE">EMV_LAND</attalias><attrtype Sync="TRUE">Double</attrtype><attwidth Sync="TRUE">19</attwidth><atprecis Sync="TRUE">0</atprecis><attscale Sync="TRUE">0</attscale></attr><attr><attrlabl Sync="TRUE">EMV_BLDG</attrlabl><attalias Sync="TRUE">EMV_BLDG</attalias><attrtype Sync="TRUE">Double</attrtype><attwidth Sync="TRUE">19</attwidth><atprecis Sync="TRUE">0</atprecis><attscale Sync="TRUE">0</attscale></attr><attr><attrlabl Sync="TRUE">EMV_TOTAL</attrlabl><attalias Sync="TRUE">EMV_TOTAL</attalias><attrtype Sync="TRUE">Double</attrtype><attwidth Sync="TRUE">19</attwidth><atprecis Sync="TRUE">0</atprecis><attscale Sync="TRUE">0</attscale></attr><attr><attrlabl Sync="TRUE">TAX_CAPAC</attrlabl><attalias Sync="TRUE">TAX_CAPAC</attalias><attrtype Sync="TRUE">Double</attrtype><attwidth Sync="TRUE">19</attwidth><atprecis Sync="TRUE">0</atprecis><attscale Sync="TRUE">0</attscale></attr><attr><attrlabl Sync="TRUE">TOTAL_TAX</attrlabl><attalias Sync="TRUE">TOTAL_TAX</attalias><attrtype Sync="TRUE">Double</attrtype><attwidth Sync="TRUE">19</attwidth><atprecis Sync="TRUE">0</atprecis><attscale Sync="TRUE">0</attscale></attr><attr><attrlabl Sync="TRUE">SPEC_ASSES</attrlabl><attalias Sync="TRUE">SPEC_ASSES</attalias><attrtype Sync="TRUE">Double</attrtype><attwidth Sync="TRUE">19</attwidth><atprecis Sync="TRUE">0</atprecis><attscale Sync="TRUE">0</attscale></attr><attr><attrlabl Sync="TRUE">TAX_EXEMPT</attrlabl><attalias Sync="TRUE">TAX_EXEMPT</attalias><attrtype Sync="TRUE">String</attrtype><attwidth Sync="TRUE">1</attwidth><atprecis Sync="TRUE">0</atprecis><attscale Sync="TRUE">0</attscale></attr><attr><attrlabl Sync="TRUE">XUSE1_DESC</attrlabl><attalias Sync="TRUE">XUSE1_DESC</attalias><attrtype Sync="TRUE">String</attrtype><attwidth Sync="TRUE">100</attwidth><atprecis Sync="TRUE">0</atprecis><attscale Sync="TRUE">0</attscale></attr><attr><attrlabl Sync="TRUE">XUSE2_DESC</attrlabl><attalias Sync="TRUE">XUSE2_DESC</attalias><attrtype Sync="TRUE">String</attrtype><attwidth Sync="TRUE">100</attwidth><atprecis Sync="TRUE">0</atprecis><attscale Sync="TRUE">0</attscale></attr><attr><attrlabl Sync="TRUE">XUSE3_DESC</attrlabl><attalias Sync="TRUE">XUSE3_DESC</attalias><attrtype Sync="TRUE">String</attrtype><attwidth Sync="TRUE">100</attwidth><atprecis Sync="TRUE">0</atprecis><attscale Sync="TRUE">0</attscale></attr><attr><attrlabl Sync="TRUE">XUSE4_DESC</attrlabl><attalias Sync="TRUE">XUSE4_DESC</attalias><attrtype Sync="TRUE">String</attrtype><attwidth Sync="TRUE">100</attwidth><atprecis Sync="TRUE">0</atprecis><attscale Sync="TRUE">0</attscale></attr><attr><attrlabl Sync="TRUE">DWELL_TYPE</attrlabl><attalias Sync="TRUE">DWELL_TYPE</attalias><attrtype Sync="TRUE">String</attrtype><attwidth Sync="TRUE">30</attwidth><atprecis Sync="TRUE">0</atprecis><attscale Sync="TRUE">0</attscale></attr><attr><attrlabl Sync="TRUE">HOME_STYLE</attrlabl><attalias Sync="TRUE">HOME_STYLE</attalias><attrtype Sync="TRUE">String</attrtype><attwidth Sync="TRUE">30</attwidth><atprecis Sync="TRUE">0</atprecis><attscale Sync="TRUE">0</attscale></attr><attr><attrlabl Sync="TRUE">FIN_SQ_FT</attrlabl><attalias Sync="TRUE">FIN_SQ_FT</attalias><attrtype Sync="TRUE">Double</attrtype><attwidth Sync="TRUE">19</attwidth><atprecis Sync="TRUE">0</atprecis><attscale Sync="TRUE">0</attscale></attr><attr><attrlabl Sync="TRUE">GARAGE</attrlabl><attalias Sync="TRUE">GARAGE</attalias><attrtype Sync="TRUE">String</attrtype><attwidth Sync="TRUE">1</attwidth><atprecis Sync="TRUE">0</atprecis><attscale Sync="TRUE">0</attscale></attr><attr><attrlabl Sync="TRUE">GARAGESQFT</attrlabl><attalias Sync="TRUE">GARAGESQFT</attalias><attrtype Sync="TRUE">String</attrtype><attwidth Sync="TRUE">11</attwidth><atprecis Sync="TRUE">0</atprecis><attscale Sync="TRUE">0</attscale></attr><attr><attrlabl Sync="TRUE">BASEMENT</attrlabl><attalias Sync="TRUE">BASEMENT</attalias><attrtype Sync="TRUE">String</attrtype><attwidth Sync="TRUE">1</attwidth><atprecis Sync="TRUE">0</atprecis><attscale Sync="TRUE">0</attscale></attr><attr><attrlabl Sync="TRUE">HEATING</attrlabl><attalias Sync="TRUE">HEATING</attalias><attrtype Sync="TRUE">String</attrtype><attwidth Sync="TRUE">30</attwidth><atprecis Sync="TRUE">0</atprecis><attscale Sync="TRUE">0</attscale></attr><attr><attrlabl Sync="TRUE">COOLING</attrlabl><attalias Sync="TRUE">COOLING</attalias><attrtype Sync="TRUE">String</attrtype><attwidth Sync="TRUE">30</attwidth><atprecis Sync="TRUE">0</atprecis><attscale Sync="TRUE">0</attscale></attr><attr><attrlabl Sync="TRUE">YEAR_BUILT</attrlabl><attalias Sync="TRUE">YEAR_BUILT</attalias><attrtype Sync="TRUE">SmallInteger</attrtype><attwidth Sync="TRUE">4</attwidth><atprecis Sync="TRUE">4</atprecis><attscale Sync="TRUE">0</attscale></attr><attr><attrlabl Sync="TRUE">NUM_UNITS</attrlabl><attalias Sync="TRUE">NUM_UNITS</attalias><attrtype Sync="TRUE">String</attrtype><attwidth Sync="TRUE">6</attwidth><atprecis Sync="TRUE">0</atprecis><attscale Sync="TRUE">0</attscale></attr><attr><attrlabl Sync="TRUE">SALE_DATE</attrlabl><attalias Sync="TRUE">SALE_DATE</attalias><attrtype Sync="TRUE">Date</attrtype><attwidth Sync="TRUE">8</attwidth><atprecis Sync="TRUE">0</atprecis><attscale Sync="TRUE">0</attscale></attr><attr><attrlabl Sync="TRUE">SALE_VALUE</attrlabl><attalias Sync="TRUE">SALE_VALUE</attalias><attrtype Sync="TRUE">Double</attrtype><attwidth Sync="TRUE">19</attwidth><atprecis Sync="TRUE">0</atprecis><attscale Sync="TRUE">0</attscale></attr><attr><attrlabl Sync="TRUE">SCHOOL_DST</attrlabl><attalias Sync="TRUE">SCHOOL_DST</attalias><attrtype Sync="TRUE">String</attrtype><attwidth Sync="TRUE">6</attwidth><atprecis Sync="TRUE">0</atprecis><attscale Sync="TRUE">0</attscale></attr><attr><attrlabl Sync="TRUE">WSHD_DIST</attrlabl><attalias Sync="TRUE">WSHD_DIST</attalias><attrtype Sync="TRUE">String</attrtype><attwidth Sync="TRUE">50</attwidth><atprecis Sync="TRUE">0</atprecis><attscale Sync="TRUE">0</attscale></attr><attr><attrlabl Sync="TRUE">GREEN_ACRE</attrlabl><attalias Sync="TRUE">GREEN_ACRE</attalias><attrtype Sync="TRUE">String</attrtype><attwidth Sync="TRUE">1</attwidth><atprecis Sync="TRUE">0</atprecis><attscale Sync="TRUE">0</attscale></attr><attr><attrlabl Sync="TRUE">OPEN_SPACE</attrlabl><attalias Sync="TRUE">OPEN_SPACE</attalias><attrtype Sync="TRUE">String</attrtype><attwidth Sync="TRUE">1</attwidth><atprecis Sync="TRUE">0</atprecis><attscale Sync="TRUE">0</attscale></attr><attr><attrlabl Sync="TRUE">AG_PRESERV</attrlabl><attalias Sync="TRUE">AG_PRESERV</attalias><attrtype Sync="TRUE">String</attrtype><attwidth Sync="TRUE">1</attwidth><atprecis Sync="TRUE">0</atprecis><attscale Sync="TRUE">0</attscale></attr><attr><attrlabl Sync="TRUE">AGPRE_ENRD</attrlabl><attalias Sync="TRUE">AGPRE_ENRD</attalias><attrtype Sync="TRUE">Date</attrtype><attwidth Sync="TRUE">8</attwidth><atprecis Sync="TRUE">0</atprecis><attscale Sync="TRUE">0</attscale></attr><attr><attrlabl Sync="TRUE">AGPRE_EXPD</attrlabl><attalias Sync="TRUE">AGPRE_EXPD</attalias><attrtype Sync="TRUE">Date</attrtype><attwidth Sync="TRUE">8</attwidth><atprecis Sync="TRUE">0</atprecis><attscale Sync="TRUE">0</attscale></attr><attr><attrlabl Sync="TRUE">PARC_CODE</attrlabl><attalias Sync="TRUE">PARC_CODE</attalias><attrtype Sync="TRUE">SmallInteger</attrtype><attwidth Sync="TRUE">4</attwidth><atprecis Sync="TRUE">4</atprecis><attscale Sync="TRUE">0</attscale></attr><attr><attrlabl Sync="TRUE">TORRENS</attrlabl><attalias Sync="TRUE">TORRENS</attalias><attrtype Sync="TRUE">String</attrtype><attwidth Sync="TRUE">7</attwidth><atprecis Sync="TRUE">0</atprecis><attscale Sync="TRUE">0</attscale></attr><attr><attrlabl Sync="TRUE">Shape</attrlabl><attalias Sync="TRUE">Shape</attalias><attrtype Sync="TRUE">Geometry</attrtype><attwidth Sync="TRUE">0</attwidth><atprecis Sync="TRUE">0</atprecis><attscale Sync="TRUE">0</attscale><attrdef Sync="TRUE">Feature geometry.</attrdef><attrdefs Sync="TRUE">Esri</attrdefs><attrdomv><udom Sync="TRUE">Coordinates defining the features.</udom></attrdomv></attr><attr><attrlabl Sync="TRUE">Shape_Le_1</attrlabl><attalias Sync="TRUE">Shape_Le_1</attalias><attrtype Sync="TRUE">Double</attrtype><attwidth Sync="TRUE">19</attwidth><atprecis Sync="TRUE">0</atprecis><attscale Sync="TRUE">0</attscale></attr><attr><attrlabl Sync="TRUE">Shape_Area</attrlabl><attalias Sync="TRUE">Shape_Area</attalias><attrtype Sync="TRUE">Double</attrtype><attwidth Sync="TRUE">19</attwidth><atprecis Sync="TRUE">0</atprecis><attscale Sync="TRUE">0</attscale><attrdef Sync="TRUE">Area of feature in internal units squared.</attrdef><attrdefs Sync="TRUE">Esri</attrdefs><attrdomv><udom Sync="TRUE">Positive real numbers that are automatically generated.</udom></attrdomv></attr></detailed></eainfo><mdDateSt Sync="TRUE">20160223</mdDateSt></metadata>
