<?xml version="1.0"?><metadata><idinfo><citation><citeinfo><title>Lakes and Rivers - Open Water Features</title><origin>Metropolitan Council</origin><pubinfo><publish>Metropolitan Council</publish></pubinfo><pubdate>periodically revised</pubdate><onlink>https://gisdata.mn.gov/dataset/us-mn-state-metc-water-lakes-rivers</onlink></citeinfo></citation><descript><abstract>This layer depicts open water features for lakes and rivers. The geography was initially created from the open water features depicted in the 2005 Generalized Land Use dataset developed by the Metropolitan Council. It is being updated over time with data from a variety of sources. It includes lakes larger than 3 acres and rivers wider than 200 feet. It may also include some smaller open water features as needed by the Metropolitan Council, including all lakes in the Council's lake monitoirng program. This layer does not depict the satutory Ordinary High Water Level of lakes. 

NOTES: 
- This dataset is derived from the Master Open Water Features dataset published by the Met Council.
- The extent of water features varies seasonally and annually with rainfall. The extent of water shown in this dataset may not reflect the current status of a particular water feature.
- When adding new polygons or modifying existing polygons, we will create boundaries based on recent imagery that we think depicts average water levels. We will NOT try to adjust the boundaries for seasonal variations in water levels.   
- Wastewater stabilization ponds, which can be quite large, are not shown in this layer. </abstract><purpose>A general depiction of lakes and rivers in the metro area that is periodically updated.</purpose><supplinf>Generally the Twin Cities 7 County Metropolitan Area. This includes the counties of Anoka, Carver, Dakota, Hennepin, Ramsey, Scott and Washington in Minnesota. The boundaries of lakes that cross the outer boundary of the 7 county Metropolitan Area are completed. Lakes outside of the 7 county metropolitan area that have been part of the Council's lake monitoring program are also included.</supplinf></descript><timeperd><timeinfo><sngdate><caldate>20100401</caldate></sngdate></timeinfo><current>The time period data indicates the last time when any significant update of the dataset has occured. The original data were derived from the Met Council's Generalized Land Use 2005 for the Twin Cities Metropolitan Area data which used ground condition (air photos) as of May 13th and 14th, 2005. The data have since been updated on a periodic basis. The dataset was substantially updated using air photos from mid-April 2010.</current></timeperd><status><progress>Complete</progress><update>As needed</update></status><spdom><bounding><westbc>-94.026</westbc><eastbc>-92.715</eastbc><northbc>45.418</northbc><southbc>44.457</southbc></bounding></spdom><keywords><place><placekey>Twin Cities, Anoka County, Carver County, Dakota County, Hennepin County, Ramsey County, Scott County, Washington County</placekey></place><theme><themekey>lakes, rivers, open water features, water features, water</themekey><themekt>None</themekt></theme></keywords><accconst>None</accconst><useconst>None</useconst><crossref><citeinfo><title>Master Open Water Features</title></citeinfo></crossref><native>ArcGIS Version 9x</native><ptcontac><cntinfo><cntperp><cntorg>Metropolitan Council</cntorg><cntper>Emily Resseger</cntper></cntperp><cntpos>Principal Environmental Scientist</cntpos><cntaddr><addrtype>mailing and physical</addrtype><address>390 Robert Street North</address><city>St. Paul</city><state>MN</state><postal>55101-1805</postal></cntaddr><cntvoice>651.602.1033</cntvoice><cntemail>emily.resseger@metc.state.mn.us</cntemail></cntinfo></ptcontac></idinfo><dataqual><attracc><attraccr>Lake ID and names were assigned by spatially joining a point dataset obtained from the DNR Division of Waters. The accuracy of the attributes in the source dataset is not known. The accuracy of the spatial join was visually inspected and verified to ensure accurate assignment of these data.</attraccr></attracc><complete>Entire seven county metro area is covered.</complete><posacc><horizpa><horizpar>For original data, boundaries of open water features were based on the 0.6 meter resolution digital orthophotos taken in May 2005. The scale at which lines were digitized varied as staff zoomed in and out while heads-up digitizing within ArcView, however most lines were digitized at an on-screen scale of no higher than 1:3000. In highly urbanized areas, 1:1500 was more common. 

Subsequent updates have come from a variety of sources, including the East-Central MN one foot orthophotos flown in April 2010, and the 1-meter FSA NAIP imagery flown in summer of 2010.

As a general rule when developing this dataset it was the Metropolitan Council's intention to meet or exceed the National Mapping Accuracy Standards at 1:24,000 (within approximately 40 feet of actual location). No testing has been conducted to verify this.</horizpar></horizpa></posacc><lineage><procstep><procdesc>These water features were extracted from the Metropolitan Council's Generalized Land Use 2005 for the Twin Cities Metropolitan Area dataset. Water feature boundaries were heads-up digitized from 0.6 meter digital orthophotos. The scale at which lines were digitized varied as staff zoomed in and out while heads-up digitizing within ArcView, however most lines were digitized at an on-screen scale of no higher than 1:3000. In highly urbanized areas, 1:1500 was more common. 

Land use data development procedures called for digitizing lakes larger than 3 acres and rivers wider than 200 feet. The dataset may also include some smaller open water features. 

DATA SOURCES: 
- 2005 MARKHURD Digital Orthophotos quarter quads (0.6 meter resolution) 
- Generalized Land Use 2000 for the Twin Cities Metropolitan Area 

Lake ID and names were assigned by spatially joining a point dataset obtained from the DNR Division of Waters. The accuracy of the spatial join was visually inspected and verified to ensure accurate assignment of these data.</procdesc></procstep><srcinfo><srcscale></srcscale></srcinfo></lineage></dataqual><spdoinfo><indspref>DNR Lake ID</indspref><direct>Vector</direct><mgmg3obj>polygon shapes</mgmg3obj><mgmg3til>One layer for entire metro area</mgmg3til></spdoinfo><eainfo><detailed><enttyp><enttypl>new_entity</enttypl></enttyp></detailed><overview><eaover>OWF_ID: A unique 8 character identifier for each open water feature polygon. The value of this field is the Minnesota DNR DOWLKNUM ID if one has been assigned by the DNR. Where no DOWLKNUM has been assigned, a unique sequential number assigned by the Met Council is used, all starting with "99...". For the rivers in the dataset, the GNIS ID for the river is used. 

SYSTEM: Differentiates lacustrine open water features (Lakes) from riverine open water features (Rivers). 

NAME_DNR: The DNR registered name of the lake, if one exists. 

ALT_NAME: The alternative name of the lake.  The source of this is usually the DNR’s Protected Waters dataset or the Metropolitan Council's Lake Annotation Classes.

AREA_ACRES: The area of the polygon feature in acres.</eaover></overview></eainfo><distinfo><resdesc>LakesAndRivers</resdesc><distliab>NOTICE:  The Geographic Information System (GIS) Data to which this notice is attached are made available pursuant to the Minnesota Government Data Practices Act (Minnesota Statutes Chapter 13).  THE GIS DATA ARE PROVIDED TO YOU AS IS AND WITHOUT ANY WARRANTY AS TO THEIR PERFORMANCE, MERCHANTABILITY, OR FITNESS FOR ANY PARTICULAR PURPOSE.  The GIS Data were developed by the Metropolitan Council for its own internal business purposes.  The Metropolitan Council does not represent or warrant that the GIS Data or the data documentation are error-free, complete, current, or accurate.  You are responsible for any consequences resulting from your use of the GIS Data or your reliance on the GIS Data.  You should consult the data documentation for this particular GIS Data to determine the limitations of the GIS Data and the precision with which the GIS Data may depict distance, direction, location, or other geographic features.  If you transmit or provide the GIS Data (or any portion of it) to another user, it is recommended that the GIS Data include a copy of this disclaimer and this metadata.</distliab><stdorder><digform><digtinfo><formname>ArcView Shape File</formname><formvern>ArcGIS 9x</formvern><transize>Approximately 3 Mb for zip file.</transize></digtinfo></digform><ordering>See Online Linkage Below</ordering></stdorder><distrib><cntinfo><cntperp><cntorg>Metropolitan Council</cntorg><cntper>Jon Hoekenga</cntper></cntperp><cntpos>GIS Specialist</cntpos><cntaddr><addrtype>mailing and physical</addrtype><address>390 Robert Street North</address><city>St. Paul</city><state>MN</state><postal>55101-1805</postal></cntaddr><cntvoice>651.602.1561</cntvoice><cntemail>jonathan.hoekenga@metc.state.mn.us</cntemail></cntinfo></distrib></distinfo><metainfo><metd>20130520</metd><metstdn>Minnesota Geographic Metadata Guidelines</metstdn><metstdv>1.2</metstdv><metextns><onlink>http://www.gis.state.mn.us/stds/metadata.htm</onlink></metextns><metc><cntinfo><cntperp><cntorg>Metropolitan Council</cntorg><cntper>Jon Hoekenga</cntper></cntperp><cntpos>GIS Specialist</cntpos><cntaddr><addrtype>mailing and physical</addrtype><address>390 Robert Street North</address><city>St. Paul</city><state>MN</state><postal>55101-1805</postal></cntaddr><cntvoice>651.602.1561</cntvoice><cntemail>jonathan.hoekenga@metc.state.mn.us</cntemail></cntinfo></metc></metainfo><Esri><ModDate>20110729</ModDate><ModTime>14270400</ModTime></Esri><mdDateSt Sync="TRUE">20110729</mdDateSt><spref><horizsys><planar><gridsys><gridsysn>Universal Transverse Mercator</gridsysn><utm><utmzone>15</utmzone></utm></gridsys><planci><plandu>meters</plandu></planci></planar><geodetic><horizdn>NAD83</horizdn><ellips>GRS80</ellips></geodetic></horizsys></spref></metadata>